asset_id,original_backup_path,original_asset_path,webp_asset_path,webp_status,width,height,source_type,source_title,source_date,description,reference_count
archive-image-0001,this_profile's_activity_across_facebook/posts/media/kabaxiezhen_480010820834972/1207727215923584.jpg,assets/images/original/archive-image-0001.jpg,assets/images/webp/archive-image-0001.webp,ok,720,540,album_photo,カバー写真,2015.11.17,カバー写真,1
archive-image-0002,this_profile's_activity_across_facebook/posts/media/kabaxiezhen_480010820834972/480010837501637.jpg,assets/images/original/archive-image-0002.jpg,assets/images/webp/archive-image-0002.webp,ok,720,540,album_cover,カバー写真,2022.09.29,カバー写真,2
archive-image-0003,this_profile's_activity_across_facebook/posts/media/mobairuappurodo_480010814168306/2127169060646057.jpg,assets/images/original/archive-image-0003.jpg,assets/images/webp/archive-image-0003.webp,ok,960,720,album_photo,モバイルアップロード,2018.05.16,モバイルアップロード,2
archive-image-0004,this_profile's_activity_across_facebook/posts/media/mobairuappurodo_480010814168306/2127169073979389.jpg,assets/images/original/archive-image-0004.jpg,assets/images/webp/archive-image-0004.webp,ok,720,960,album_photo,モバイルアップロード,2018.05.16,モバイルアップロード,2
archive-image-0005,this_profile's_activity_across_facebook/posts/media/mobairuappurodo_480010814168306/2127169103979386.jpg,assets/images/original/archive-image-0005.jpg,assets/images/webp/archive-image-0005.webp,ok,720,960,album_photo,モバイルアップロード,2018.05.16,モバイルアップロード,2
archive-image-0006,this_profile's_activity_across_facebook/posts/media/mobairuappurodo_480010814168306/2129127860450177.jpg,assets/images/original/archive-image-0006.jpg,assets/images/webp/archive-image-0006.webp,ok,960,720,album_cover,モバイルアップロード,2018.05.18,このFacebookページをいいね！してくれた方に、猫耳がキュートなステッカーをプレゼントしてるよ。CODEforCATのコアメンバーを見つけたら、声かけてね。CivicTechForumeやSocialHackDayで会いましょう〜！,3
archive-image-0007,this_profile's_activity_across_facebook/posts/media/purofiruxiezhen_480010817501639/1207728592590113.png,assets/images/original/archive-image-0007.png,assets/images/webp/archive-image-0007.webp,ok,475,359,album_photo,プロフィール写真,2015.11.17,プロフィール写真,1
archive-image-0008,this_profile's_activity_across_facebook/posts/media/purofiruxiezhen_480010817501639/1207728895923416.png,assets/images/original/archive-image-0008.png,assets/images/webp/archive-image-0008.webp,ok,517,260,album_photo,プロフィール写真,2015.11.17,プロフィール写真,1
archive-image-0009,this_profile's_activity_across_facebook/posts/media/purofiruxiezhen_480010817501639/1207730129256626.png,assets/images/original/archive-image-0009.png,assets/images/webp/archive-image-0009.webp,ok,284,284,album_photo,プロフィール写真,2015.11.17,プロフィール写真,1
archive-image-0010,this_profile's_activity_across_facebook/posts/media/purofiruxiezhen_480010817501639/1207730929256546.png,assets/images/original/archive-image-0010.png,assets/images/webp/archive-image-0010.webp,ok,320,320,album_photo,プロフィール写真,2015.11.17,プロフィール写真,1
archive-image-0011,this_profile's_activity_across_facebook/posts/media/purofiruxiezhen_480010817501639/480010834168304.png,assets/images/original/archive-image-0011.png,assets/images/webp/archive-image-0011.webp,ok,320,320,album_cover,プロフィール写真,2022.09.29,プロフィール写真,2
archive-image-0012,this_profile's_activity_across_facebook/posts/media/tiandaidaoshicha7yue28ri_1401201876576116/1401201986576105.jpg,assets/images/original/archive-image-0012.jpg,assets/images/webp/archive-image-0012.webp,ok,1224,918,album_photo,田代島視察（7月28日）,2016.07.28,飼猫か？,1
archive-image-0013,this_profile's_activity_across_facebook/posts/media/tiandaidaoshicha7yue28ri_1401201876576116/1401202079909429.jpg,assets/images/original/archive-image-0013.jpg,assets/images/webp/archive-image-0013.webp,ok,1224,918,album_cover,田代島視察（7月28日）,2016.07.28,田代島上陸。水揚げの時間ではなかったからか、港には、にゃんこは、この一匹だけでした。,2
archive-image-0014,this_profile's_activity_across_facebook/posts/media/tiandaidaoshicha7yue28ri_1401201876576116/1401202183242752.jpg,assets/images/original/archive-image-0014.jpg,assets/images/webp/archive-image-0014.webp,ok,1224,918,album_photo,田代島視察（7月28日）,2016.07.28,漁港近くのにゃん。,1
archive-image-0015,this_profile's_activity_across_facebook/posts/media/tiandaidaoshicha7yue28ri_1401201876576116/1401202189909418.jpg,assets/images/original/archive-image-0015.jpg,assets/images/webp/archive-image-0015.webp,ok,1224,918,album_photo,田代島視察（7月28日）,2016.07.28,何か言いたいことがあるらしい。,1
archive-image-0016,this_profile's_activity_across_facebook/posts/media/tiandaidaoshicha7yue28ri_1401201876576116/1401202226576081.jpg,assets/images/original/archive-image-0016.jpg,assets/images/webp/archive-image-0016.webp,ok,1224,918,album_photo,田代島視察（7月28日）,2016.07.28,こんな感じの道が続く。,1
archive-image-0017,this_profile's_activity_across_facebook/posts/media/tiandaidaoshicha7yue28ri_1401201876576116/1401202403242730.jpg,assets/images/original/archive-image-0017.jpg,assets/images/webp/archive-image-0017.webp,ok,1224,918,album_photo,田代島視察（7月28日）,2016.07.28,唯一、目撃できた子猫。,1
archive-image-0018,this_profile's_activity_across_facebook/posts/media/tiandaidaoshicha7yue28ri_1401201876576116/1401202426576061.jpg,assets/images/original/archive-image-0018.jpg,assets/images/webp/archive-image-0018.webp,ok,1224,918,album_photo,田代島視察（7月28日）,2016.07.28,兄弟かな。,1
archive-image-0019,this_profile's_activity_across_facebook/posts/media/tiandaidaoshicha7yue28ri_1401201876576116/1401202449909392.jpg,assets/images/original/archive-image-0019.jpg,assets/images/webp/archive-image-0019.webp,ok,1224,918,album_photo,田代島視察（7月28日）,2016.07.28,商店の前、エサくれるのかな。,1
archive-image-0020,this_profile's_activity_across_facebook/posts/media/tiandaidaoshicha7yue28ri_1401201876576116/1401202536576050.jpg,assets/images/original/archive-image-0020.jpg,assets/images/webp/archive-image-0020.webp,ok,1224,918,album_photo,田代島視察（7月28日）,2016.07.28,お休み中。,1
archive-image-0021,this_profile's_activity_across_facebook/posts/media/tiandaidaoshicha7yue28ri_1401201876576116/1401202656576038.jpg,assets/images/original/archive-image-0021.jpg,assets/images/webp/archive-image-0021.webp,ok,1224,918,album_photo,田代島視察（7月28日）,2016.07.28,何か文句があるらしい。,1
archive-image-0022,this_profile's_activity_across_facebook/posts/media/tiandaidaoshicha7yue28ri_1401201876576116/1401202833242687.jpg,assets/images/original/archive-image-0022.jpg,assets/images/webp/archive-image-0022.webp,ok,1224,918,album_photo,田代島視察（7月28日）,2016.07.28,マンガアイランドのメイン施設。餌付けされてる。,1
archive-image-0023,this_profile's_activity_across_facebook/posts/media/tiandaidaoshicha7yue28ri_1401201876576116/1401202836576020.jpg,assets/images/original/archive-image-0023.jpg,assets/images/webp/archive-image-0023.webp,ok,1224,918,album_photo,田代島視察（7月28日）,2016.07.28,田代島視察（7月28日）,1
archive-image-0024,this_profile's_activity_across_facebook/posts/media/tiandaidaoshicha7yue28ri_1401201876576116/1401202949909342.jpg,assets/images/original/archive-image-0024.jpg,assets/images/webp/archive-image-0024.webp,ok,1224,918,album_photo,田代島視察（7月28日）,2016.07.28,ビニール袋をガサガサするとこんな有様①,1
archive-image-0025,this_profile's_activity_across_facebook/posts/media/tiandaidaoshicha7yue28ri_1401201876576116/1401203003242670.jpg,assets/images/original/archive-image-0025.jpg,assets/images/webp/archive-image-0025.webp,ok,1224,918,album_photo,田代島視察（7月28日）,2016.07.28,こんな有様②,1
archive-image-0026,this_profile's_activity_across_facebook/posts/media/tiandaidaoshicha7yue28ri_1401201876576116/1401203119909325.jpg,assets/images/original/archive-image-0026.jpg,assets/images/webp/archive-image-0026.webp,ok,1224,918,album_photo,田代島視察（7月28日）,2016.07.28,こんな有様③,1
archive-image-0027,this_profile's_activity_across_facebook/posts/media/tiandaidaoshicha7yue28ri_1401201876576116/1401203136575990.jpg,assets/images/original/archive-image-0027.jpg,assets/images/webp/archive-image-0027.webp,ok,1224,918,album_photo,田代島視察（7月28日）,2016.07.28,ご飯くれないなら寝るなう。,1
archive-image-0028,this_profile's_activity_across_facebook/posts/media/tiandaidaoshicha7yue28ri_1401201876576116/1401203289909308.jpg,assets/images/original/archive-image-0028.jpg,assets/images/webp/archive-image-0028.webp,ok,1224,918,album_photo,田代島視察（7月28日）,2016.07.28,草むらの中。,1
archive-image-0029,this_profile's_activity_across_facebook/posts/media/tiandaidaoshicha7yue28ri_1401201876576116/1401203496575954.jpg,assets/images/original/archive-image-0029.jpg,assets/images/webp/archive-image-0029.webp,ok,1224,918,album_photo,田代島視察（7月28日）,2016.07.28,猫神社の近く、密林か。,1
archive-image-0030,this_profile's_activity_across_facebook/posts/media/tiandaidaoshicha7yue28ri_1401201876576116/1401203783242592.jpg,assets/images/original/archive-image-0030.jpg,assets/images/webp/archive-image-0030.webp,ok,1224,918,album_photo,田代島視察（7月28日）,2016.07.28,猫神社の途中。ハチワレ柄は少ない。,1
archive-image-0031,this_profile's_activity_across_facebook/posts/media/tiandaidaoshicha7yue28ri_1401201876576116/1401203966575907.jpg,assets/images/original/archive-image-0031.jpg,assets/images/webp/archive-image-0031.webp,ok,918,1224,album_photo,田代島視察（7月28日）,2016.07.28,猫神社。,1
archive-image-0032,this_profile's_activity_across_facebook/posts/media/tiandaidaoshicha7yue28ri_1401201876576116/1401204069909230.jpg,assets/images/original/archive-image-0032.jpg,assets/images/webp/archive-image-0032.webp,ok,1224,918,album_photo,田代島視察（7月28日）,2016.07.28,猫神社。,1
archive-image-0033,this_profile's_activity_across_facebook/posts/media/tiandaidaoshicha7yue28ri_1401201876576116/1401204079909229.jpg,assets/images/original/archive-image-0033.jpg,assets/images/webp/archive-image-0033.webp,ok,1224,918,album_photo,田代島視察（7月28日）,2016.07.28,もうひとつの船乗り場近くで。,1
archive-image-0034,this_profile's_activity_across_facebook/posts/media/xiezhen_480010794168308/1381047928591511.jpg,assets/images/original/archive-image-0034.jpg,assets/images/webp/archive-image-0034.webp,ok,1440,900,album_photo,写真,2016.07.22,"コードフォーキャットのミッションです。

地域猫は、地域の資産であるという考えから
地域猫を、地域でケアする、IT技術を活用した、
持続可能な仕組みを開発し、運用する組織を支援する。",2
archive-image-0035,this_profile's_activity_across_facebook/posts/media/xiezhen_480010794168308/1381083711921266.jpg,assets/images/original/archive-image-0035.jpg,assets/images/webp/archive-image-0035.webp,ok,1440,900,album_photo,写真,2016.07.22,"【TNR関係者マップ】

エサやりさんと捕獲を担当するNPO、
そして、不妊手術をしてくれる動物病院との連携が重要です。
手術費用の助成金をだしてくれる自治体もです。",2
archive-image-0036,this_profile's_activity_across_facebook/posts/media/xiezhen_480010794168308/1381098198586484.jpg,assets/images/original/archive-image-0036.jpg,assets/images/webp/archive-image-0036.webp,ok,1440,900,album_photo,写真,2016.07.22,"【地域猫エコシステムの構築】

コードフォーキャットがやりたいことは、
殺処分ゼロを目指して、日夜、TNR活動を推進されている
愛護団体の活動支援です。
ITを活用することで、持続可能な仕組みを開発することです。",2
archive-image-0037,this_profile's_activity_across_facebook/posts/media/xiezhen_480010794168308/1381100175252953.jpg,assets/images/original/archive-image-0037.jpg,assets/images/webp/archive-image-0037.webp,ok,1440,900,album_photo,写真,2016.07.22,"【マイにゃんバー制度】

地域猫エコシステムの根幹を成す仕組みです。

TNR活動推進者における地域猫情報の一元化が狙いです。
里親になってからも引き継がれ、健康管理、食生活管理、迷子対策にも有効です。事前に会員登録・承認された人だけが、スマホ、パソコンから操作できる非公開システムを想定しています。",2
archive-image-0038,this_profile's_activity_across_facebook/posts/media/xiezhen_480010794168308/1381102618586042.jpg,assets/images/original/archive-image-0038.jpg,assets/images/webp/archive-image-0038.webp,ok,1440,900,album_photo,写真,2016.07.22,"【インターネット譲渡会】

ネットだけで完結できるとは思っていませんが、リアルな譲渡会をサポートすることは可能だと考えています。
その活動の中で、TNR活動の関する啓蒙PRも進めていきたいです。

＞パソコン、スマホ、両方で使えるインターネット譲渡会の構築・運用支援。

・デザインテンプレート
・入力フォーム
・保護猫データベース
・問合せ・申込み受付",2
archive-image-0039,this_profile's_activity_across_facebook/posts/media/xiezhen_480010794168308/1381104398585864.jpg,assets/images/original/archive-image-0039.jpg,assets/images/webp/archive-image-0039.webp,ok,1440,900,album_photo,写真,2016.07.22,"【社会活動商品という考え方】

地域猫をマーケットと捉えるとどうなるでしょうか？
ある試算によると、全国では、370万匹、横浜市には10万匹という計算になります。ペットフードメーカーは、飼猫を主要マーケットと捉えていますが、地域猫マーケットは、その4割弱の規模であるとも言えます。つまり、地域猫マーケットの開拓という新しい事業創造が、TNR活動支援につながるのではないかという考え方はできないでしょうか。",2
archive-image-0040,this_profile's_activity_across_facebook/posts/media/xiezhen_480010794168308/2145987355430894.png,assets/images/original/archive-image-0040.png,assets/images/webp/archive-image-0040.webp,ok,720,405,album_photo,写真,2018.06.02,このページにいいね！した方は、CodeforCat部員に声かけてくださいね。ステッカーをお渡しします (ΦωΦ),2
archive-image-0041,this_profile's_activity_across_facebook/posts/media/xiezhen_480010794168308/5329736977055900.png,assets/images/original/archive-image-0041.png,assets/images/webp/archive-image-0041.webp,ok,1920,1080,album_cover,写真,2022.01.07,Coming Soon,3
archive-image-0042,this_profile's_activity_across_facebook/posts/media/your_posts/1369033263126311.jpg,assets/images/original/archive-image-0042.jpg,assets/images/webp/archive-image-0042.webp,ok,1165,778,unreferenced_media_file,your_posts,,,1
archive-image-0043,this_profile's_activity_across_facebook/posts/media/your_posts/1385473434815627.jpg,assets/images/original/archive-image-0043.jpg,assets/images/webp/archive-image-0043.webp,ok,960,720,unreferenced_media_file,your_posts,,,1
archive-image-0044,this_profile's_activity_across_facebook/posts/media/your_posts/1385473444815626.jpg,assets/images/original/archive-image-0044.jpg,assets/images/webp/archive-image-0044.webp,ok,960,720,unreferenced_media_file,your_posts,,,1
archive-image-0045,this_profile's_activity_across_facebook/posts/media/your_posts/1385473474815623.jpg,assets/images/original/archive-image-0045.jpg,assets/images/webp/archive-image-0045.webp,ok,960,720,unreferenced_media_file,your_posts,,,1
archive-image-0046,this_profile's_activity_across_facebook/posts/media/your_posts/1385473488148955.jpg,assets/images/original/archive-image-0046.jpg,assets/images/webp/archive-image-0046.webp,ok,960,720,unreferenced_media_file,your_posts,,,1
archive-image-0047,this_profile's_activity_across_facebook/posts/media/your_posts/1385473528148951.jpg,assets/images/original/archive-image-0047.jpg,assets/images/webp/archive-image-0047.webp,ok,960,720,unreferenced_media_file,your_posts,,,1
archive-image-0048,this_profile's_activity_across_facebook/posts/media/your_posts/1385473531482284.jpg,assets/images/original/archive-image-0048.jpg,assets/images/webp/archive-image-0048.webp,ok,960,720,unreferenced_media_file,your_posts,,,1
archive-image-0049,this_profile's_activity_across_facebook/posts/media/your_posts/1385473568148947.jpg,assets/images/original/archive-image-0049.jpg,assets/images/webp/archive-image-0049.webp,ok,960,720,unreferenced_media_file,your_posts,,,1
archive-image-0050,this_profile's_activity_across_facebook/posts/media/your_posts/1385473584815612.jpg,assets/images/original/archive-image-0050.jpg,assets/images/webp/archive-image-0050.webp,ok,960,720,unreferenced_media_file,your_posts,,,1
archive-image-0051,this_profile's_activity_across_facebook/posts/media/your_posts/1385473601482277.jpg,assets/images/original/archive-image-0051.jpg,assets/images/webp/archive-image-0051.webp,ok,960,720,unreferenced_media_file,your_posts,,,1
archive-image-0052,this_profile's_activity_across_facebook/posts/media/your_posts/1385473604815610.jpg,assets/images/original/archive-image-0052.jpg,assets/images/webp/archive-image-0052.webp,ok,960,720,unreferenced_media_file,your_posts,,,1
archive-image-0053,this_profile's_activity_across_facebook/posts/media/your_posts/1385473641482273.jpg,assets/images/original/archive-image-0053.jpg,assets/images/webp/archive-image-0053.webp,ok,960,720,unreferenced_media_file,your_posts,,,1
archive-image-0054,this_profile's_activity_across_facebook/posts/media/your_posts/1385473654815605.jpg,assets/images/original/archive-image-0054.jpg,assets/images/webp/archive-image-0054.webp,ok,960,720,unreferenced_media_file,your_posts,,,1
archive-image-0055,this_profile's_activity_across_facebook/posts/media/your_posts/1385473668148937.jpg,assets/images/original/archive-image-0055.jpg,assets/images/webp/archive-image-0055.webp,ok,960,720,unreferenced_media_file,your_posts,,,1
archive-image-0056,this_profile's_activity_across_facebook/posts/media/your_posts/1385473678148936.jpg,assets/images/original/archive-image-0056.jpg,assets/images/webp/archive-image-0056.webp,ok,960,720,unreferenced_media_file,your_posts,,,1
archive-image-0057,this_profile's_activity_across_facebook/posts/media/your_posts/1385473684815602.jpg,assets/images/original/archive-image-0057.jpg,assets/images/webp/archive-image-0057.webp,ok,720,960,unreferenced_media_file,your_posts,,,1
archive-image-0058,this_profile's_activity_across_facebook/posts/media/your_posts/1385473714815599.jpg,assets/images/original/archive-image-0058.jpg,assets/images/webp/archive-image-0058.webp,ok,960,720,unreferenced_media_file,your_posts,,,1
archive-image-0059,this_profile's_activity_across_facebook/posts/media/your_posts/2008450189184612.jpg,assets/images/original/archive-image-0059.jpg,assets/images/webp/archive-image-0059.webp,ok,1514,965,unreferenced_media_file,your_posts,,,1
archive-image-0060,this_profile's_activity_across_facebook/posts/media/your_posts/2028964517133179.jpg,assets/images/original/archive-image-0060.jpg,assets/images/webp/archive-image-0060.webp,ok,960,720,unreferenced_media_file,your_posts,,,1
archive-image-0061,this_profile's_activity_across_facebook/posts/media/your_posts/2028964520466512.jpg,assets/images/original/archive-image-0061.jpg,assets/images/webp/archive-image-0061.webp,ok,960,720,unreferenced_media_file,your_posts,,,1
archive-image-0062,this_profile's_activity_across_facebook/posts/media/your_posts/2028964550466509.jpg,assets/images/original/archive-image-0062.jpg,assets/images/webp/archive-image-0062.webp,ok,640,480,unreferenced_media_file,your_posts,,,1
archive-image-0063,this_profile's_activity_across_facebook/posts/media/your_posts/2028964557133175.jpg,assets/images/original/archive-image-0063.jpg,assets/images/webp/archive-image-0063.webp,ok,640,480,unreferenced_media_file,your_posts,,,1
archive-image-0064,this_profile's_activity_across_facebook/posts/media/your_posts/2314385261924435.jpg,assets/images/original/archive-image-0064.jpg,assets/images/webp/archive-image-0064.webp,ok,2048,1447,unreferenced_media_file,your_posts,,,1
archive-image-0065,this_profile's_activity_across_facebook/posts/media/your_posts/2533088020054157.jpg,assets/images/original/archive-image-0065.jpg,assets/images/webp/archive-image-0065.webp,ok,720,540,unreferenced_media_file,your_posts,,,1
archive-image-0066,this_profile's_activity_across_facebook/posts/media/your_posts/2533089716720654.jpg,assets/images/original/archive-image-0066.jpg,assets/images/webp/archive-image-0066.webp,ok,810,300,unreferenced_media_file,your_posts,,,1
archive-image-0067,this_profile's_activity_across_facebook/posts/media/your_posts/2563325220363770.jpg,assets/images/original/archive-image-0067.jpg,assets/images/webp/archive-image-0067.webp,ok,750,562,unreferenced_media_file,your_posts,,,1
archive-image-0068,this_profile's_activity_across_facebook/posts/media/your_posts/2563325253697100.jpg,assets/images/original/archive-image-0068.jpg,assets/images/webp/archive-image-0068.webp,ok,960,720,unreferenced_media_file,your_posts,,,1
archive-image-0069,this_profile's_activity_across_facebook/posts/media/your_posts/2563325347030424.jpg,assets/images/original/archive-image-0069.jpg,assets/images/webp/archive-image-0069.webp,ok,960,720,unreferenced_media_file,your_posts,,,1
archive-image-0070,this_profile's_activity_across_facebook/posts/media/your_posts/2563332277029731.jpg,assets/images/original/archive-image-0070.jpg,assets/images/webp/archive-image-0070.webp,ok,960,720,unreferenced_media_file,your_posts,,,1
archive-image-0071,this_profile's_activity_across_facebook/posts/media/your_posts/3267240583305560.jpg,assets/images/original/archive-image-0071.jpg,assets/images/webp/archive-image-0071.webp,ok,1514,965,unreferenced_media_file,your_posts,,,1
archive-image-0072,this_profile's_activity_across_facebook/posts/media/your_posts/3292313827464902.jpg,assets/images/original/archive-image-0072.jpg,assets/images/webp/archive-image-0072.webp,ok,960,611,unreferenced_media_file,your_posts,,,1
archive-image-0073,this_profile's_activity_across_facebook/posts/media/your_posts/3297020760327542.jpg,assets/images/original/archive-image-0073.jpg,assets/images/webp/archive-image-0073.webp,ok,719,1280,unreferenced_media_file,your_posts,,,1
archive-image-0074,this_profile's_activity_across_facebook/posts/media/your_posts/3965554710140807.jpg,assets/images/original/archive-image-0074.jpg,assets/images/webp/archive-image-0074.webp,ok,1200,649,unreferenced_media_file,your_posts,,,1
